huid,target_commits
50001,74
50002,22
50003,21
50004,1
50005,76
50006,15
50007,6
50008,0
50009,3
50010,9
50011,27
50012,13
50013,47
50014,10
50015,30
50016,69
50017,12
50018,13
50019,25
50020,7
50021,12
50022,14
50023,31
50024,5
50025,36
50026,7
50027,32
50028,14
50029,9
50030,15
50031,1
50032,180
50033,9
50034,20
50035,4
50036,16
50037,51
50038,15
50039,16
50040,35
50041,5
50042,7
50043,11
50044,14
50045,24
50046,34
50047,26
50048,37
50049,26
50050,38
50051,4
50052,41
50053,5
50054,14
50055,17
50056,15
50057,15
50058,29
50059,2
50060,4
50061,2
50062,10
50063,20
50064,21
50065,20
50066,20
50067,41
50068,29
50069,21
50070,18
50071,10
50072,28
50073,7
50074,30
50075,48
50076,15
50077,17
50078,5
50079,10
50080,0
50081,5
50082,11
50083,23
50084,23
50085,17
50086,33
50087,6
50088,12
50089,3
50090,0
50091,19
50092,39
50093,17
50094,55
50095,15
50096,15
50097,5
50098,6
50099,29
50100,28
50101,16
50102,7
50103,23
50104,29
50105,8
50106,28
50107,13
50108,29
50109,20
50110,15
50111,28
50112,10
50113,16
50114,7
50115,13
50116,23
50117,176
50118,33
50119,42
50120,18
50121,26
50122,2
50123,1
50124,13
50125,43
50126,16
50127,21
50128,72
50129,121
50130,40
50131,5
50132,16
50133,0
50134,116
50135,3
50136,20
50137,2
50138,68
50139,20
50140,13
50141,23
50142,119
50143,3
50144,0
50145,15
50146,48
50147,8
50148,7
50149,9
50150,14
50151,0
50152,0
50153,16
50154,18
50155,8
50156,0
50157,52
50158,21
50159,13
50160,16
50161,3
50162,0
50163,42
50164,19
50165,21
50166,13
50167,15
50168,5
50169,0
50170,0
50171,15
50172,44
50173,48
50174,3
50175,14
50176,35
50177,9
50178,4
50179,5
50180,20
50181,5
50182,2
50183,0
50184,3
50185,20
50186,91
50187,11
50188,14
50189,1
50190,24
50191,2
50192,18
50193,10
50194,22
50195,8
50196,12
50197,6
50198,6
50199,17
50200,22
50201,8
50202,4
50203,1
50204,11
50205,27
50206,1
50207,9
50208,0
50209,31
50210,9
50211,31
50212,24
50213,0
50214,9
50215,18
50216,86
50217,6
50218,34
50219,66
50220,56
50221,27
50222,39
50223,37
50224,7
50225,29
50226,18
50227,75
50228,9
50229,5
50230,14
50231,21
50232,31
50233,6
50234,47
50235,3
50236,11
50237,4
50238,40
50239,35
50240,68
50241,19
50242,21
50243,5
50244,16
50245,45
50246,54
50247,91
50248,12
50249,133
50250,0
50251,22
50252,8
50253,49
50254,27
50255,12
50256,66
50257,52
50258,12
50259,117
50260,20
50261,25
50262,48
50263,39
50264,14
50265,32
50266,21
50267,1
50268,2
50269,11
50270,17
50271,43
50272,18
50273,4
50274,5
50275,14
50276,17
50277,726
50278,7
50279,17
50280,26
50281,5
50282,65
50283,0
50284,30
50285,55
50286,13
50287,40
50288,18
50289,1
50290,4
50291,26
50292,21
50293,7
50294,2
50295,10
50296,23
50297,17
50298,8
50299,15
50300,21
50301,9
50302,6
50303,12
50304,17
50305,3
50306,1
50307,19
50308,8
50309,7
50310,6
50311,1
50312,18
50313,0
50314,27
50315,24
50316,44
50317,2
50318,36
50319,8
50320,21
50321,37
50322,29
50323,19
50324,19
50325,2
50326,20
50327,11
50328,7
50329,36
50330,95
50331,24
50332,6
50333,20
50334,35
50335,26
50336,2
50337,425
50338,55
50339,0
50340,20
50341,8
50342,2
50343,13
50344,21
50345,1
50346,20
50347,11
50348,17
50349,1
50350,32
50351,9
50352,27
50353,5
50354,15
50355,25
50356,18
50357,1
50358,465
50359,32
50360,14
50361,71
50362,56
50363,13
50364,32
50365,9
50366,6
50367,17
50368,89
50369,5
50370,16
50371,18
50372,89
50373,36
50374,11
50375,7
50376,31
50377,35
50378,3
50379,16
50380,21
50381,19
50382,0
50383,23
50384,15
50385,31
50386,13
50387,11
50388,3
50389,332
50390,2
50391,19
50392,0
50393,26
50394,18
50395,3
50396,5
50397,13
50398,5
50399,7
50400,1
50401,10
50402,16
50403,16
50404,11
50405,16
50406,0
50407,12
50408,0
50409,46
50410,12
50411,5
50412,0
50413,58
50414,76
50415,0
50416,0
50417,13
50418,14
50419,2
50420,1
50421,2
50422,18
50423,5
50424,1
50425,14
50426,1
50427,9
50428,2
50429,41
50430,4
50431,19
50432,6
50433,36
50434,10
50435,13
50436,22
50437,11
50438,3
50439,9
50440,3
50441,2
50442,1
50443,19
50444,43
50445,5
50446,23
50447,1
50448,0
50449,12
50450,0
50451,4
50452,4
50453,1
50454,20
50455,30
50456,4
50457,2
50458,105
50459,12
50460,38
50461,87
50462,70
50463,7
50464,0
50465,58
50466,12
50467,7
50468,7
50469,17
50470,16
50471,3
50472,11
50473,5
50474,14
50475,10
50476,6
50477,2
50478,12
50479,0
50480,1
50481,10
50482,2
50483,8
50484,0
50485,8
50486,0
50487,25
50488,3
50489,44
50490,25
50491,7
50492,18
50493,20
50494,8
50495,36
50496,8
50497,21
50498,3
50499,0
50500,31
50501,6
50502,2
50503,8
50504,0
50505,15
50506,14
50507,38
50508,9
50509,12
50510,4
50511,4
50512,7
50513,30
50514,26
50515,33
50516,7
50517,25
50518,33
50519,17
50520,15
50521,0
50522,55
50523,8
50524,18
50525,21
50526,8
50527,0
50528,2
50529,45
50530,9
50531,95
50532,5
50533,33
50534,10
50535,20
50536,7
50537,12
50538,105
50539,9
50540,60
50541,19
50542,23
50543,40
50544,2
50545,89
50546,14
50547,79
50548,17
50549,15
50550,24
50551,18
50552,21
50553,4
50554,10
50555,8
50556,15
50557,44
50558,48
50559,15
50560,8
50561,45
50562,41
50563,32
50564,26
50565,9
50566,31
50567,20
50568,9
50569,6
50570,6
50571,2
50572,15
50573,61
50574,42
50575,15
50576,1
50577,2
50578,2
50579,22
50580,20
50581,7
50582,9
50583,22
50584,56
50585,3
50586,30
50587,85
50588,9
50589,9
50590,16
50591,14
50592,1
50593,17
50594,16
50595,19
50596,1
50597,4
50598,31
50599,18
50600,0
50601,49
50602,44
50603,6
50604,35
50605,32
50606,19
50607,13
50608,26
50609,81
50610,11
50611,11
50612,17
50613,12
50614,8
50615,19
50616,18
50617,21
50618,47
50619,41
50620,6
50621,23
50622,4
50623,6
50624,2
50625,12
50626,5
50627,17
50628,5
50629,12
50630,33
50631,17
50632,2
50633,1
50634,1
50635,6
50636,15
50637,6
50638,16
50639,20
50640,16
50641,20
50642,1
50643,7
50644,2
50645,16
50646,3
50647,4
50648,11
50649,24
50650,13
50651,2
50652,95
50653,2
50654,2
50655,203
50656,13
50657,1
50658,1
50659,7
50660,48
50661,9
50662,32
50663,47
50664,4
50665,8
50666,1
50667,7
50668,38
50669,4
50670,12
50671,0
50672,18
50673,3
50674,13
50675,16
50676,24
50677,4
50678,14
50679,6
50680,1
50681,11
50682,17
50683,24
50684,19
50685,38
50686,4
50687,2
50688,31
50689,8
50690,0
50691,5
50692,17
50693,14
50694,5
50695,0
50696,34
50697,2
50698,7
50699,27
50700,2
50701,3
50702,8
50703,39
50704,12
50705,6
50706,13
50707,46
50708,38
50709,10
50710,10
50711,1
50712,28
50713,27
50714,37
50715,22
50716,14
50717,6
50718,8
50719,11
50720,23
50721,29
50722,14
50723,31
50724,16
50725,39
50726,16
50727,95
50728,15
50729,25
50730,44
50731,25
50732,27
50733,1
50734,12
50735,11
50736,10
50737,17
50738,5
50739,3
50740,20
50741,14
50742,0
50743,52
50744,6
50745,41
50746,50
50747,59
50748,5
50749,3
50750,13
50751,5
50752,21
50753,11
50754,0
50755,6
50756,38
50757,8
50758,7
50759,13
50760,20
50761,15
50762,6
50763,106
50764,7
50765,51
50766,11
50767,1
50768,11
50769,8
50770,3
50771,4
50772,26
50773,6
50774,17
50775,18
50776,18
50777,4
50778,38
50779,26
50780,7
50781,22
50782,79
50783,5
50784,8
50785,23
50786,32
50787,17
50788,8
50789,6
50790,40
50791,26
50792,0
50793,14
50794,9
50795,0
50796,1
50797,28
50798,32
50799,3
50800,26
50801,10
50802,23
50803,6
50804,32
50805,0
50806,3
50807,0
50808,58
50809,0
50810,19
50811,39
50812,7
50813,1
50814,18
50815,59
50816,25
50817,8
50818,43
50819,54
50820,10
50821,5
50822,9
50823,7
50824,1
50825,10
50826,52
50827,14
50828,12
50829,6
50830,0
50831,33
50832,35
50833,10
50834,60
50835,24
50836,19
50837,3
50838,23
50839,28
50840,8
50841,12
50842,4
50843,11
50844,13
50845,20
50846,1
50847,5
50848,2
50849,35
50850,9
50851,11
50852,5
50853,1
50854,27
50855,22
50856,56
50857,15
50858,13
50859,20
50860,1
50861,12
50862,56
50863,3
50864,6
50865,29
50866,27
50867,391
50868,6
50869,13
50870,41
50871,25
50872,109
50873,11
50874,9
50875,11
50876,81
50877,15
50878,25
50879,4
50880,16
50881,7
50882,30
50883,1
50884,0
50885,6
50886,4
50887,36
50888,0
50889,4
50890,2
50891,8
50892,59
50893,0
50894,5
50895,1
50896,11
50897,2
50898,4
50899,6
50900,1
50901,5
50902,401
50903,13
50904,261
50905,18
50906,0
50907,45
50908,6
50909,17
50910,12
50911,0
50912,1
50913,4
50914,27
50915,41
50916,9
50917,2
50918,2
50919,3
50920,0
50921,20
50922,14
50923,25
50924,0
50925,1
50926,6
50927,18
50928,30
50929,0
50930,12
50931,6
50932,1
50933,22
50934,28
50935,4
50936,4
50937,6
50938,8
50939,5
50940,4
50941,0
50942,0
50943,1
50944,6
50945,0
50946,5
50947,0
50948,2
50949,1
50950,0
50951,5
50952,0
50953,8
50954,10
50955,4
50956,6
50957,3
50958,17
50959,21
50960,18
50961,0
50962,137
50963,1
50964,2
50965,2
50966,111
50967,12
50968,52
50969,14
50970,21
50971,20
50972,8
50973,1
50974,14
50975,7
50976,37
50977,14
50978,30
50979,22
50980,13
50981,0
50982,12
50983,10
50984,18
50985,36
50986,10
50987,5
50988,26
50989,18
50990,15
50991,18
50992,6
50993,13
50994,9
50995,0
50996,9
50997,3
50998,23
50999,5
51000,60
51001,20
51002,16
51003,28
51004,3
51005,1
51006,13
51007,20
51008,2
51009,6
51010,6
51011,10
51012,76
51013,36
51014,1
51015,8
51016,3
51017,30
51018,7
51019,2
51020,26
51021,7
51022,17
51023,25
51024,1
51025,25
51026,28
51027,12
51028,15
51029,55
51030,1
51031,8
51032,6
51033,1
51034,20
51035,11
51036,14
51037,10
51038,12
51039,2
51040,1
51041,94
51042,21
51043,0
51044,0
51045,10
51046,10
51047,3
51048,3
51049,0
51050,0
51051,7
51052,0
51053,0
51054,0
51055,6
51056,53
51057,6
51058,5
51059,14
51060,3
51061,14
51062,13
51063,7
51064,9
51065,1
51066,14
51067,20
51068,17
51069,1
51070,0
51071,62
51072,8
51073,33
51074,4
51075,0
51076,51
51077,6
51078,1
51079,0
51080,1
51081,12
51082,4
51083,21
51084,0
51085,1
51086,8
51087,5
51088,15
51089,20
51090,0
51091,12
51092,8
51093,11
51094,101
51095,10
51096,15
51097,0
51098,0
51099,13
51100,1
51101,10
51102,0
51103,4
51104,1
51105,1
51106,28
51107,147
51108,3
51109,10
51110,9
51111,4
51112,1
51113,84
51114,0
51115,0
51116,5
51117,0
51118,21
51119,9
51120,0
51121,26
51122,39
51123,23
51124,1
51125,14
51126,6
51127,9
51128,29
51129,12
51130,14
51131,10
51132,1
51133,23
51134,14
51135,7
51136,16
51137,3
51138,23
51139,3
51140,5
51141,24
51142,26
51143,11
51144,0
51145,15
51146,1
51147,3
51148,9
51149,2
51150,17
51151,8
51152,6
51153,13
51154,6
51155,43
51156,4
51157,0
51158,33
51159,3
51160,17
51161,20
51162,1
51163,19
51164,5
51165,12
51166,12
51167,0
51168,17
51169,9
51170,28
51171,38
51172,4
51173,27
51174,0
51175,1
51176,22
51177,9
51178,35
51179,42
51180,23
51181,0
51182,2
51183,55
51184,6
51185,10
51186,8
51187,2
51188,4
51189,7
51190,21
51191,7
51192,4
51193,9
51194,6
51195,12
51196,2
51197,5
51198,4
51199,13
51200,3
51201,24
51202,18
51203,27
51204,5
51205,8
51206,29
51207,1
51208,0
51209,2
51210,47
51211,34
51212,21
51213,36
51214,3
51215,22
51216,0
51217,3
51218,17
51219,69
51220,14
51221,48
51222,4
51223,66
51224,9
51225,10
51226,1
51227,22
51228,13
51229,7
51230,3
51231,2
51232,3
51233,26
51234,6
51235,26
51236,20
51237,6
51238,11
51239,3
51240,12
51241,2
51242,7
51243,0
51244,11
51245,15
51246,15
51247,6
51248,36
51249,9
51250,10
51251,21
51252,12
51253,8
51254,5
51255,3
51256,2
51257,5
51258,1
51259,21
51260,8
51261,6
51262,58
51263,1
51264,13
51265,15
51266,13
51267,79
51268,16
51269,10
51270,37
51271,35
51272,20
51273,15
51274,16
51275,0
51276,1
51277,25
51278,435
51279,22
51280,19
51281,1
51282,13
51283,12
51284,1
51285,3
51286,13
51287,20
51288,16
51289,14
51290,8
51291,4
51292,49
51293,10
51294,6
51295,5
51296,1
51297,13
51298,7
51299,77
51300,1
51301,0
51302,25
51303,8
51304,66
51305,0
51306,5
51307,14
51308,0
51309,9
51310,17
51311,10
51312,0
51313,18
51314,12
51315,3
51316,2
51317,20
51318,5
51319,17
51320,11
51321,18
51322,33
51323,13
51324,0
51325,5
51326,11
51327,7
51328,15
51329,0
51330,18
51331,22
51332,0
51333,4
51334,7
51335,4
51336,16
51337,1
51338,2
51339,1
51340,92
51341,10
51342,4
51343,11
51344,1
51345,11
51346,8
51347,51
51348,0
51349,2
51350,2
51351,4
51352,13
51353,0
51354,0
51355,0
51356,11
51357,96
51358,0
51359,4
51360,13
51361,3
51362,5
51363,17
51364,6
51365,14
51366,21
51367,3
51368,6
51369,0
51370,0
51371,0
51372,14
51373,29
51374,4
51375,10
51376,21
51377,24
51378,35
51379,9
51380,722
51381,26
51382,1
51383,17
51384,59
51385,0
51386,64
51387,2
51388,29
51389,14
51390,21
51391,3
51392,8
51393,2
51394,12
51395,1
51396,1
51397,7
51398,23
51399,11
51400,10
51401,16
51402,8
51403,11
51404,14
51405,2
51406,1
51407,3
51408,14
51409,4
51410,6
51411,8
51412,33
51413,26
51414,17
51415,0
51416,2
51417,18
51418,53
51419,8
51420,3
51421,2
51422,10
51423,6
51424,3
51425,17
51426,52
51427,12
51428,17
51429,13
51430,8
51431,7
51432,8
51433,7
51434,14
51435,3
51436,92
51437,4
51438,6
51439,1
51440,4
51441,19
51442,9
51443,20
51444,25
51445,53
51446,6
51447,1
51448,15
51449,4
51450,5
51451,11
51452,3
51453,0
51454,2
51455,1
51456,7
51457,12
51458,5
51459,13
51460,2
51461,108
51462,21
51463,25
51464,3
51465,13
51466,2
51467,76
51468,13
51469,24
51470,9
51471,8
51472,16
51473,0
51474,6
51475,29
51476,145
51477,21
51478,0
51479,24
51480,30
51481,1
51482,15
51483,11
51484,3
51485,9
51486,5
51487,81
51488,37
51489,31
51490,9
51491,0
51492,16
51493,18
51494,9
51495,6
51496,4
51497,8
51498,21
51499,14
51500,2
51501,5
51502,10
51503,2
51504,6
51505,1
51506,8
51507,4
51508,6
51509,43
51510,0
51511,13
51512,0
51513,21
51514,12
51515,15
51516,36
51517,15
51518,26
51519,47
51520,1
51521,15
51522,15
51523,13
51524,4
51525,20
51526,10
51527,1
51528,39
51529,4
51530,12
51531,47
51532,10
51533,4
51534,6
51535,14
51536,26
51537,0
51538,0
51539,2
51540,11
51541,0
51542,5
51543,1
51544,141
51545,2
51546,19
51547,97
51548,2
51549,0
51550,19
51551,13
51552,14
51553,22
51554,3
51555,6
51556,14
51557,0
51558,44
51559,1
51560,72
51561,18
51562,12
51563,11
51564,2
51565,14
51566,6
51567,15
51568,47
51569,0
51570,3
51571,4
51572,12
51573,4
51574,0
51575,20
51576,2
51577,7
51578,0
51579,4
51580,0
51581,2
51582,6
51583,3
51584,4
51585,6
51586,1
51587,0
51588,0
51589,0
51590,1
51591,5
51592,0
51593,7
51594,1
51595,21
51596,0
51597,12
51598,7
51599,1
51600,0
51601,4
51602,2
51603,0
51604,7
51605,17
51606,11
51607,1
51608,2
51609,13
51610,1
51611,4
51612,62
51613,14
51614,4
51615,11
51616,7
51617,0
51618,5
51619,4
51620,13
51621,5
51622,19
51623,4
51624,1
51625,7
51626,6
51627,1
51628,2
51629,7
51630,3
51631,31
51632,46
51633,2
51634,14
51635,26
51636,4
51637,27
51638,17
51639,2
51640,0
51641,7
51642,7
51643,4
51644,24
51645,5
51646,3
51647,8
51648,11
51649,2
51650,68
51651,3
51652,4
51653,12
51654,23
51655,92
51656,8
51657,16
51658,14
51659,8
51660,29
51661,34
51662,7
51663,15
51664,5
51665,35
51666,21
51667,37
51668,77
51669,1
51670,22
51671,1
51672,16
51673,4
51674,29
51675,5
51676,19
51677,0
51678,16
51679,61
51680,2
51681,0
51682,1
51683,42
51684,25
51685,14
51686,1
51687,19
51688,57
51689,4
51690,2
51691,0
51692,16
51693,4
51694,7
51695,28
51696,4
51697,9
51698,5
51699,13
51700,7
51701,75
51702,9
51703,0
51704,16
51705,26
51706,8
51707,24
51708,0
51709,0
51710,9
51711,1
51712,2
51713,4
51714,0
51715,12
51716,13
51717,1
51718,5
51719,19
51720,0
51721,30
51722,1
51723,2
51724,0
51725,16
51726,2
51727,0
51728,0
51729,18
51730,13
51731,11
51732,11
51733,24
51734,0
51735,53
51736,5
51737,11
51738,0
51739,13
51740,8
51741,0
51742,14
51743,0
51744,6
51745,0
51746,0
51747,18
51748,19
51749,11
51750,9
51751,13
51752,5
51753,9
51754,3
51755,8
51756,10
51757,8
51758,5
51759,5
51760,2
51761,4
51762,3
51763,12
51764,5
51765,12
51766,5
51767,2
51768,15
51769,16
51770,2
51771,14
51772,8
51773,7
51774,15
51775,0
51776,18
51777,8
51778,7
51779,0
51780,7
51781,1
51782,1
51783,24
51784,30
51785,7
51786,4
51787,1
51788,3
51789,2
51790,1
51791,10
51792,8
51793,7
51794,37
51795,3
51796,14
51797,20
51798,2
51799,6
51800,0
51801,14
51802,8
51803,0
51804,14
51805,2
51806,30
51807,12
51808,2
51809,9
51810,157
51811,12
51812,7
51813,23
51814,0
51815,6
51816,5
51817,4
51818,26
51819,20
51820,4
51821,14
51822,8
51823,0
51824,5
51825,7
51826,1
51827,3
51828,5
51829,1
51830,43
51831,15
51832,8
51833,14
51834,0
51835,1
51836,11
51837,6
51838,22
51839,15
51840,0
51841,6
51842,0
51843,5
51844,7
51845,4
51846,0
51847,12
51848,30
51849,6
51850,0
51851,1
51852,13
51853,10
51854,3
51855,51
51856,1
51857,3
51858,13
51859,21
51860,13
51861,0
51862,7
51863,25
51864,4
51865,9
51866,2
51867,7
51868,22
51869,11
51870,1
51871,21
51872,7
51873,31
51874,2
51875,13
51876,0
51877,13
51878,1
51879,2
51880,1
51881,4
51882,0
51883,0
51884,24
51885,17
51886,1
51887,6
51888,6
51889,28
51890,1
51891,4
51892,1
51893,1
51894,5
51895,11
51896,5
51897,87
51898,11
51899,0
51900,3
51901,0
51902,17
51903,9
51904,2
51905,0
51906,15
51907,11
51908,1
51909,39
51910,5
51911,21
51912,0
51913,0
51914,24
51915,0
51916,10
51917,5
51918,21
51919,46
51920,17
51921,7
51922,2
51923,18
51924,1
51925,0
51926,2
51927,7
51928,9
51929,9
51930,6
51931,20
51932,9
51933,15
51934,16
51935,18
51936,11
51937,700
51938,0
51939,4
51940,5
51941,1
51942,7
51943,1
51944,72
51945,4
51946,10
51947,7
51948,15
51949,7
51950,9
51951,4
51952,8
51953,5
51954,4
51955,2
51956,6
51957,5
51958,15
51959,6
51960,2
51961,0
51962,2
51963,10
51964,0
51965,1
51966,0
51967,2
51968,1
51969,1
51970,13
51971,23
51972,1
51973,11
51974,2
51975,10
51976,2
51977,21
51978,0
51979,0
51980,7
51981,1
51982,13
51983,14
51984,20
51985,4
51986,3
51987,1
51988,12
51989,0
51990,0
51991,9
51992,3
51993,6
51994,0
51995,0
51996,10
51997,16
51998,0
51999,9
52000,1
52001,22
52002,0
52003,10
52004,0
52005,30
52006,2
52007,9
52008,1
52009,41
52010,19
52011,19
52012,5
52013,14
52014,4
52015,13
52016,25
52017,0
52018,24
52019,16
52020,5
52021,0
52022,13
52023,0
52024,16
52025,33
52026,5
52027,1
52028,32
52029,8
52030,2
52031,0
52032,17
52033,0
52034,9
52035,22
52036,0
52037,23
52038,0
52039,15
52040,5
52041,12
52042,9
52043,0
52044,1
52045,6
52046,1
52047,6
52048,1
52049,1
52050,20
52051,15
52052,9
52053,0
52054,5
52055,9
52056,0
52057,7
52058,6
52059,15
52060,0
52061,5
52062,24
52063,33
52064,21
52065,87
52066,9
52067,1
52068,41
52069,33
52070,18
52071,13
52072,7
52073,9
52074,11
52075,17
52076,1
52077,10
52078,7
52079,8
52080,12
52081,20
52082,10
52083,5
52084,0
52085,9
52086,7
52087,6
52088,16
52089,34
52090,0
52091,13
52092,7
52093,34
52094,18
52095,9
52096,35
52097,9
52098,4
52099,0
52100,9
52101,0
52102,14
52103,1
52104,10
52105,31
52106,4
52107,7
52108,0
52109,18
52110,1
52111,0
52112,8
52113,2
52114,1
52115,0
52116,0
52117,10
52118,1
52119,3
52120,4
52121,21
52122,0
52123,10
52124,9
52125,17
52126,0
52127,21
52128,13
52129,6
52130,0
52131,21
52132,26
52133,5
52134,19
52135,5
52136,6
52137,1
52138,2
52139,14
52140,5
52141,4
52142,0
52143,11
52144,0
52145,32
52146,2
52147,2
52148,14
52149,2
52150,20
52151,17
52152,0
52153,21
52154,2
52155,33
52156,16
52157,9
52158,14
52159,3
52160,25
52161,6
52162,7
52163,0
52164,63
52165,1
52166,1
52167,3
52168,1
52169,6
52170,8
52171,0
52172,1
52173,11
52174,2
52175,8
52176,0
52177,0
52178,0
52179,5
52180,46
52181,2
52182,3
52183,1
52184,6
52185,13
52186,1
52187,8
52188,3
52189,30
52190,6
52191,7
52192,11
52193,3
52194,19
52195,1
52196,16
52197,11
52198,5
52199,7
52200,14
52201,5
52202,12
52203,0
52204,0
52205,14
52206,6
52207,1
52208,3
52209,2
52210,1
52211,0
52212,12
52213,0
52214,19
52215,26
52216,8
52217,1
52218,3
52219,0
52220,3
52221,0
52222,0
52223,6
52224,12
52225,0
52226,14
52227,13
52228,12
52229,12
52230,0
52231,15
52232,0
52233,3
52234,20
52235,20
52236,1
52237,50
52238,40
52239,2
52240,2
52241,0
52242,2
52243,16
52244,1
52245,5
52246,13
52247,9
52248,0
52249,13
52250,12
52251,14
52252,1
52253,3
52254,3
52255,101
52256,11
52257,24
52258,9
52259,11
52260,1
52261,11
52262,27
52263,0
52264,1
52265,4
52266,4
52267,27
52268,73
52269,14
52270,6
52271,44
52272,5
52273,16
52274,30
52275,14
52276,8
52277,9
52278,3
52279,13
52280,12
52281,18
52282,30
52283,7
52284,10
52285,6
52286,24
52287,7
52288,4
52289,15
52290,7
52291,54
52292,0
52293,2
52294,15
52295,11
52296,0
52297,8
52298,7
52299,23
52300,0
52301,4
52302,7
52303,11
52304,8
52305,46
52306,6
52307,26
52308,8
52309,10
52310,7
52311,2
52312,4
52313,3
52314,10
52315,7
52316,7
52317,14
52318,18
52319,10
52320,9
52321,39
52322,28
52323,3
52324,25
52325,7
52326,7
52327,2
52328,21
52329,36
52330,9
52331,1
52332,13
52333,2
52334,18
52335,1
52336,4
52337,22
52338,24
52339,15
52340,6
52341,32
52342,4
52343,11
52344,4
52345,49
52346,2
52347,13
52348,7
52349,1
52350,1
52351,1
52352,0
52353,9
52354,0
52355,0
52356,0
52357,39
52358,18
52359,0
52360,26
52361,0
52362,58
52363,0
52364,41
52365,11
52366,2
52367,2
52368,7
52369,0
52370,5
52371,40
52372,12
52373,8
52374,0
52375,0
52376,64
52377,0
52378,3
52379,13
52380,2
52381,1
52382,6
52383,14
52384,17
52385,0
52386,17
52387,1
52388,6
52389,3
52390,18
52391,3
52392,5
52393,7
52394,5
52395,4
52396,6
52397,0
52398,0
52399,12
52400,20
52401,13
52402,0
52403,0
52404,0
52405,1
52406,7
52407,23
52408,2
52409,18
52410,1
52411,55
52412,12
52413,2
52414,1
52415,2
52416,13
52417,0
52418,0
52419,4
52420,10
52421,13
52422,0
52423,0
52424,7
52425,13
52426,1
52427,8
52428,0
52429,25
52430,1
52431,0
52432,0
52433,2
52434,20
52435,25
52436,0
52437,0
52438,15
52439,0
52440,10
52441,4
52442,3
52443,10
52444,0
52445,2
52446,24
52447,18
52448,0
52449,28
52450,1
52451,29
52452,6
52453,6
52454,33
52455,31
52456,14
52457,0
52458,11
52459,30
52460,3
52461,6
52462,3
52463,5
52464,1
52465,11
52466,0
52467,9
52468,31
52469,11
52470,4
52471,14
52472,11
52473,8
52474,21
52475,10
52476,3
52477,18
52478,29
52479,6
52480,10
52481,37
52482,5
52483,0
52484,5
52485,0
52486,1
52487,1
52488,53
52489,1
52490,0
52491,2
52492,2
52493,0
52494,1
52495,26
52496,3
52497,1
52498,45
52499,1
52500,0
52501,7
52502,4
52503,5
52504,11
52505,55
52506,9
52507,0
52508,28
52509,2
52510,9
52511,3
52512,13
52513,3
52514,0
52515,0
52516,16
52517,5
52518,7
52519,26
52520,0
52521,5
52522,0
52523,0
52524,4
52525,1
52526,0
52527,3
52528,2
52529,31
52530,24
52531,0
52532,10
52533,1
52534,0
52535,13
52536,0
52537,17
52538,0
52539,7
52540,0
52541,9
52542,8
52543,18
52544,2
52545,5
52546,0
52547,19
52548,0
52549,1
52550,20
52551,7
52552,81
52553,0
52554,1
52555,6
52556,6
52557,27
52558,5
52559,9
52560,3
52561,0
52562,26
52563,0
52564,0
52565,6
52566,13
52567,0
52568,1
52569,5
52570,4
52571,18
52572,32
52573,40
52574,28
52575,9
52576,5
52577,11
52578,5
52579,3
52580,20
52581,0
52582,7
52583,5
52584,49
52585,5
52586,11
52587,37
52588,0
52589,5
52590,2
52591,21
52592,3
52593,2
52594,30
52595,8
52596,23
52597,6
52598,31
52599,13
52600,5
52601,3
52602,2
52603,110
52604,5
52605,10
52606,2
52607,6
52608,65
52609,16
52610,7
52611,22
52612,1
52613,12
52614,23
52615,6
52616,13
52617,12
52618,7
52619,10
52620,3
52621,2
52622,13
52623,19
52624,6
52625,8
52626,2
52627,15
52628,24
52629,12
52630,14
52631,2
52632,11
52633,37
52634,5
52635,2
52636,11
52637,36
52638,42
52639,2
52640,0
52641,1
52642,0
52643,17
52644,1
52645,1
52646,9
52647,3
52648,4
52649,2
52650,17
52651,0
52652,0
52653,6
52654,8
52655,2
52656,15
52657,16
52658,6
52659,0
52660,15
52661,0
52662,3
52663,16
52664,0
52665,2
52666,0
52667,0
52668,0
52669,11
52670,13
52671,1
52672,4
52673,7
52674,8
52675,0
52676,25
52677,1
52678,5
52679,12
52680,5
52681,27
52682,4
52683,3
52684,0
52685,1
52686,33
52687,3
52688,6
52689,28
52690,12
52691,0
52692,6
52693,0
52694,5
52695,2
52696,9
52697,3
52698,6
52699,50
52700,0
52701,7
52702,26
52703,18
52704,2
52705,0
52706,5
52707,7
52708,0
52709,3
52710,3
52711,1
52712,6
52713,13
52714,2
52715,1
52716,6
52717,4
52718,1
52719,43
52720,19
52721,22
52722,5
52723,13
52724,1
52725,6
52726,18
52727,79
52728,15
52729,9
52730,9
52731,10
52732,18
52733,2
52734,12
52735,1
52736,0
52737,12
52738,0
52739,9
52740,11
52741,0
52742,0
52743,8
52744,8
52745,0
52746,0
52747,6
52748,9
52749,7
52750,2
52751,1
52752,20
52753,45
52754,84
52755,16
52756,3
52757,0
52758,2
52759,0
52760,2
52761,0
52762,19
52763,1
52764,1
52765,0
52766,6
52767,7
52768,4
52769,0
52770,8
52771,0
52772,0
52773,5
52774,17
52775,4
52776,8
52777,2
52778,4
52779,3
52780,0
52781,6
52782,28
52783,0
52784,19
52785,2
52786,0
52787,18
52788,2
52789,0
52790,0
52791,9
52792,14
52793,4
52794,0
52795,0
52796,3
52797,0
52798,5
52799,18
52800,3
52801,1
52802,23
52803,0
52804,15
52805,7
52806,0
52807,0
52808,5
52809,18
52810,5
52811,19
52812,23
52813,8
52814,16
52815,4
52816,0
52817,8
52818,8
52819,7
52820,3
52821,3
52822,0
52823,28
52824,23
52825,0
52826,5
52827,29
52828,6
52829,0
52830,6
52831,3
52832,7
52833,1
52834,0
52835,0
52836,4
52837,0
52838,2
52839,5
52840,5
52841,1
52842,13
52843,17
52844,5
52845,2
52846,3
52847,0
52848,13
52849,0
52850,0
52851,2
52852,8
52853,20
52854,23
52855,12
52856,0
52857,3
52858,8
52859,0
52860,0
52861,8
52862,5
52863,2
52864,1
52865,27
52866,0
52867,22
52868,0
52869,27
52870,0
52871,3
52872,7
52873,56
52874,8
52875,15
52876,14
52877,3
52878,0
52879,15
52880,0
52881,9
52882,21
52883,6
52884,10
52885,6
52886,12
52887,4
52888,1
52889,5
52890,4
52891,82
52892,9
52893,13
52894,5
52895,11
52896,9
52897,8
52898,4
52899,5
52900,0
52901,0
52902,9
52903,21
52904,2
52905,4
52906,7
52907,4
52908,12
52909,53
52910,44
52911,6
52912,7
52913,12
52914,6
52915,12
52916,5
52917,125
52918,7
52919,0
52920,4
52921,2
52922,14
52923,21
52924,5
52925,2
52926,0
52927,0
52928,18
52929,6
52930,21
52931,3
52932,19
52933,9
52934,15
52935,10
52936,18
52937,15
52938,14
52939,7
52940,3
52941,2
52942,4
52943,0
52944,16
52945,23
52946,2
52947,21
52948,6
52949,1
52950,2
52951,22
52952,3
52953,13
52954,10
52955,0
52956,0
52957,2
52958,37
52959,3
52960,0
52961,0
52962,0
52963,6
52964,0
52965,6
52966,60
52967,0
52968,0
52969,0
52970,16
52971,2
52972,10
52973,7
52974,3
52975,7
52976,13
52977,3
52978,4
52979,7
52980,1
52981,7
52982,39
52983,10
52984,20
52985,0
52986,16
52987,0
52988,8
52989,0
52990,1
52991,13
52992,4
52993,48
52994,5
52995,2
52996,0
52997,4
52998,16
52999,3
53000,8
53001,27
53002,12
53003,0
53004,13
53005,0
53006,13
53007,0
53008,0
53009,7
53010,1
53011,167
53012,0
53013,0
53014,6
53015,0
53016,6
53017,1
53018,8
53019,7
53020,17
53021,17
53022,9
53023,5
53024,21
53025,11
53026,11
53027,21
53028,5
53029,0
53030,12
53031,10
53032,119
53033,14
53034,8
53035,20
53036,1
53037,1
53038,0
53039,1
53040,0
53041,9
53042,1
53043,13
53044,1
53045,7
53046,8
53047,0
53048,5
53049,3
53050,1
53051,6
53052,0
53053,3
53054,14
53055,1
53056,0
53057,14
53058,4
53059,2
53060,40
53061,4
53062,0
53063,3
53064,43
53065,22
53066,8
53067,4
53068,27
53069,0
53070,6
53071,6
53072,1
53073,7
53074,16
53075,12
53076,14
53077,8
53078,7
53079,3
53080,5
53081,1
53082,24
53083,4
53084,3
53085,8
53086,6
53087,8
53088,9
53089,0
53090,2
53091,0
53092,7
53093,6
53094,2
53095,0
53096,4
53097,2
53098,41
53099,2
53100,5
53101,2
53102,29
53103,3
53104,13
53105,3
53106,13
53107,2
53108,20
53109,0
53110,24
53111,7
53112,0
53113,3
53114,5
53115,5
53116,8
53117,14
53118,2
53119,20
53120,0
53121,18
53122,1
53123,21
53124,0
53125,2
53126,0
53127,0
53128,1
53129,4
53130,2
53131,0
53132,11
53133,3
53134,0
53135,0
53136,1
53137,16
53138,12
53139,24
53140,1
53141,13
53142,0
53143,0
53144,2
53145,11
53146,0
53147,0
53148,7
53149,1
53150,39
53151,1
53152,8
53153,0
53154,0
53155,1
53156,0
53157,1
53158,2
53159,19
53160,0
53161,0
53162,0
53163,3
53164,3
53165,4
53166,1
53167,7
53168,0
53169,0
53170,41
53171,8
53172,11
53173,11
53174,0
53175,0
53176,17
53177,6
53178,3
53179,3
53180,3
53181,1
53182,0
53183,4
53184,44
53185,0
53186,3
53187,4
53188,3
53189,2
53190,7
53191,1
53192,1
53193,15
53194,0
53195,27
53196,1
53197,10
53198,13
53199,57
53200,9
53201,14
53202,33
53203,10
53204,8
53205,1
53206,34
53207,32
53208,5
53209,40
53210,4
53211,16
53212,1
53213,10
53214,0
53215,0
53216,2
53217,5
53218,5
53219,0
53220,7
53221,12
53222,3
53223,1
53224,7
53225,1
53226,14
53227,2
53228,19
53229,4
53230,0
53231,0
53232,8
53233,3
53234,0
53235,0
53236,0
53237,14
53238,1
53239,6
53240,8
53241,4
53242,0
53243,0
53244,1
53245,11
53246,24
53247,6
53248,2
53249,0
53250,59
53251,9
53252,48
53253,2
53254,15
53255,12
53256,1
53257,5
53258,3
53259,22
53260,28
53261,0
53262,6
53263,15
53264,3
53265,3
53266,4
53267,6
53268,6
53269,0
53270,6
53271,17
53272,12
53273,32
53274,2
53275,4
53276,5
53277,2
53278,20
53279,27
53280,2
53281,2
53282,39
53283,36
53284,6
53285,17
53286,8
53287,6
53288,7
53289,2
53290,4
53291,3
53292,0
53293,10
53294,0
53295,0
53296,17
53297,0
53298,0
53299,57
53300,7
53301,0
53302,3
53303,12
53304,22
53305,1
53306,1
53307,17
53308,7
53309,51
53310,1
53311,14
53312,0
53313,28
53314,1
53315,0
53316,14
53317,0
53318,27
53319,0
53320,1
53321,10
53322,0
53323,0
53324,0
53325,0
53326,1
53327,0
53328,1
53329,1
53330,2
53331,8
53332,0
53333,0
53334,0
53335,0
53336,5
53337,1
53338,29
53339,3
53340,0
53341,0
53342,1
53343,16
53344,0
53345,13
53346,0
53347,20
53348,0
53349,0
53350,0
53351,0
53352,0
53353,15
53354,1
53355,8
53356,30
53357,1
53358,30
53359,4
53360,1
53361,7
53362,1
53363,12
53364,12
53365,8
53366,9
53367,11
53368,30
53369,3
53370,1
53371,1
53372,13
53373,7
53374,4
53375,0
53376,1
53377,14
53378,26
53379,8
53380,0
53381,2
53382,9
53383,14
53384,1
53385,6
53386,7
53387,4
53388,5
53389,9
53390,6
53391,0
53392,25
53393,9
53394,2
53395,68
53396,20
53397,0
53398,31
53399,59
53400,12
53401,8
53402,1
53403,2
53404,8
53405,11
53406,7
53407,5
53408,4
53409,15
53410,4
53411,0
53412,1
53413,10
53414,0
53415,6
53416,5
53417,8
53418,0
53419,0
53420,0
53421,0
53422,0
53423,4
53424,0
53425,10
53426,0
53427,0
53428,0
53429,3
53430,7
53431,0
53432,1
53433,3
53434,0
53435,0
53436,1
53437,21
53438,0
53439,0
53440,14
53441,11
53442,0
53443,21
53444,1
53445,0
53446,3
53447,0
53448,3
53449,0
53450,1
53451,0
53452,0
53453,0
53454,2
53455,0
53456,3
53457,0
53458,24
53459,13
53460,6
53461,1
53462,29
53463,14
53464,0
53465,3
53466,6
53467,1
53468,3
53469,0
53470,0
53471,1
53472,16
53473,0
53474,0
53475,1
53476,2
53477,39
53478,0
53479,0
53480,5
53481,18
53482,13
53483,10
53484,2
53485,0
53486,0
53487,16
53488,0
53489,25
53490,25
53491,0
53492,0
53493,1
53494,11
53495,3
53496,8
53497,3
53498,15
53499,7
53500,0
53501,0
53502,0
53503,8
53504,4
53505,1
53506,4
53507,2
53508,0
53509,8
53510,0
53511,2
53512,7
53513,0
53514,1
53515,0
53516,10
53517,4
53518,0
53519,16
53520,0
53521,1
53522,9
53523,1
53524,3
53525,1
53526,2
53527,1
53528,2
53529,14
53530,0
53531,5
53532,20
53533,27
53534,0
53535,1
53536,2
53537,17
53538,3
53539,0
53540,0
53541,32
53542,4
53543,0
53544,2
53545,5
53546,43
53547,2
53548,8
53549,30
53550,3
53551,29
53552,17
53553,6
53554,0
53555,28
53556,0
53557,3
53558,6
53559,15
53560,0
53561,6
53562,1
53563,19
53564,0
53565,0
53566,1
53567,8
53568,3
53569,0
53570,0
53571,13
53572,11
53573,3
53574,3
53575,9
53576,0
53577,76
53578,0
53579,2
53580,28
53581,26
53582,0
53583,9
53584,8
53585,3
53586,0
53587,7
53588,29
53589,6
53590,5
53591,10
53592,0
53593,2
53594,0
53595,7
53596,0
53597,3
53598,6
53599,14
53600,3
53601,0
53602,15
53603,1
53604,12
53605,6
53606,5
53607,5
53608,1
53609,5
53610,0
53611,0
53612,9
53613,16
53614,32
53615,2
53616,1
53617,6
53618,2
53619,14
53620,10
53621,7
53622,0
53623,2
53624,29
53625,13
53626,4
53627,10
53628,0
53629,0
53630,6
53631,24
53632,3
53633,0
53634,5
53635,0
53636,0
53637,9
53638,0
53639,6
53640,8
53641,0
53642,5
53643,2
53644,0
53645,12
53646,0
53647,6
53648,9
53649,6
53650,0
53651,21
53652,35
53653,2
53654,2
53655,26
53656,5
53657,6
53658,0
53659,10
53660,0
53661,14
53662,2
53663,1
53664,0
53665,0
53666,2
53667,0
53668,1
53669,6
53670,11
53671,6
53672,4
53673,14
53674,1
53675,0
53676,0
53677,16
53678,0
53679,0
53680,0
53681,10
53682,0
53683,11
53684,4
53685,46
53686,3
53687,13
53688,4
53689,1
53690,1
53691,4
53692,2
53693,1
53694,0
53695,0
53696,9
53697,3
53698,4
53699,3
53700,0
53701,0
53702,0
53703,22
53704,8
53705,12
53706,0
53707,5
53708,5
53709,3
53710,7
53711,7
53712,30
53713,2
53714,3
53715,6
53716,4
53717,0
53718,6
53719,2
53720,0
53721,7
53722,8
53723,0
53724,16
53725,2
53726,6
53727,1
53728,1
53729,0
53730,21
53731,1
53732,25
53733,5
53734,3
53735,7
53736,4
53737,0
53738,1
53739,11
53740,14
53741,9
53742,3
53743,1
53744,0
53745,0
53746,5
53747,3
53748,0
53749,5
53750,0
53751,14
53752,3
53753,10
53754,3
53755,8
53756,0
53757,3
53758,0
53759,0
53760,6
53761,3
53762,20
53763,1
53764,6
53765,0
53766,5
53767,0
53768,3
53769,0
53770,2
53771,3
53772,5
53773,5
53774,3
53775,13
53776,2
53777,2
53778,4
53779,1
53780,2
53781,21
53782,14
53783,18
53784,1
53785,7
53786,1
53787,7
53788,23
53789,0
53790,14
53791,1
53792,1
53793,0
53794,0
53795,2
53796,11
53797,11
53798,1
53799,0
53800,12
53801,2
53802,6
53803,2
53804,2
53805,0
53806,16
53807,14
53808,5
53809,25
53810,1
53811,7
53812,3
53813,4
53814,7
53815,0
53816,25
53817,12
53818,1
53819,16
53820,15
53821,1
53822,5
53823,7
53824,4
53825,1
53826,26
53827,2
53828,2
53829,0
53830,3
53831,25
53832,9
53833,1
53834,12
53835,8
53836,14
53837,0
53838,0
53839,27
53840,0
53841,6
53842,0
53843,12
53844,1
53845,0
53846,4
53847,44
53848,0
53849,11
53850,0
53851,1
53852,3
53853,0
53854,0
53855,2
53856,0
53857,4
53858,33
53859,0
53860,1
53861,6
53862,7
53863,3
53864,1
53865,8
53866,6
53867,1
53868,53
53869,0
53870,0
53871,12
53872,15
53873,11
53874,13
53875,1
53876,3
53877,3
53878,0
53879,7
53880,3
53881,2
53882,2
53883,9
53884,1
53885,1
53886,5
53887,4
53888,20
53889,0
53890,1
53891,38
53892,2
53893,2
53894,10
53895,10
53896,85
53897,2
53898,5
53899,26
53900,4
53901,5
53902,2
53903,1
53904,2
53905,0
53906,1
53907,7
53908,3
53909,7
53910,6
53911,3
53912,1
53913,8
53914,8
53915,13
53916,17
53917,1
53918,0
53919,2
53920,1
53921,20
53922,0
53923,5
53924,14
53925,3
53926,0
53927,0
53928,0
53929,7
53930,3
53931,5
53932,14
53933,12
53934,4
53935,122
53936,8
53937,21
53938,5
53939,11
53940,39
53941,3
53942,3
53943,1
53944,2
53945,4
53946,3
53947,8
53948,8
53949,0
53950,4
53951,15
53952,9
53953,1
53954,12
53955,5
53956,13
53957,20
53958,3
53959,2
53960,1
53961,4
53962,0
53963,1
53964,7
53965,7
53966,1
53967,6
53968,38
53969,8
53970,0
53971,0
53972,1
53973,17
53974,3
53975,3
53976,6
53977,0
53978,17
53979,0
53980,6
53981,11
53982,1
53983,1
53984,14
53985,8
53986,3
53987,1
53988,0
53989,7
53990,4
53991,4
53992,12
53993,3
53994,1
53995,34
53996,1
53997,0
53998,0
53999,0
54000,0
54001,0
54002,12
54003,15
54004,3
54005,13
54006,2
54007,7
54008,0
54009,0
54010,1
54011,0
54012,0
54013,22
54014,5
54015,18
54016,0
54017,7
54018,5
54019,3
54020,2
54021,0
54022,0
54023,0
54024,0
54025,35
54026,10
54027,2
54028,12
54029,29
54030,28
54031,7
54032,0
54033,1
54034,22
54035,5
54036,1
54037,4
54038,6
54039,16
54040,1
54041,7
54042,2
54043,1
54044,0
54045,22
54046,12
54047,2
54048,0
54049,0
54050,34
54051,0
54052,14
54053,21
54054,1
54055,3
54056,20
54057,1
54058,23
54059,1
54060,0
54061,7
54062,7
54063,15
54064,11
54065,1
54066,1
54067,40
54068,7
54069,9
54070,0
54071,9
54072,1
54073,3
54074,3
54075,2
54076,1
54077,1
54078,1
54079,27
54080,6
54081,1
54082,1
54083,0
54084,8
54085,9
54086,0
54087,2
54088,2
54089,1
54090,4
54091,11
54092,4
54093,0
54094,5
54095,1
54096,2
54097,5
54098,0
54099,0
54100,5
54101,5
54102,2
54103,18
54104,0
54105,3
54106,1
54107,11
54108,22
54109,5
54110,0
54111,0
54112,1
54113,0
54114,2
54115,10
54116,4
54117,1
54118,2
54119,4
54120,10
54121,0
54122,1
54123,0
54124,0
54125,0
54126,2
54127,5
54128,0
54129,12
54130,0
54131,3
54132,0
54133,1
54134,16
54135,14
54136,5
54137,5
54138,2
54139,2
54140,1
54141,15
54142,1
54143,16
54144,16
54145,1
54146,6
54147,44
54148,1
54149,12
54150,1
54151,7
54152,1
54153,18
54154,0
54155,13
54156,40
54157,6
54158,1
54159,2
54160,2
54161,2
54162,12
54163,0
54164,13
54165,0
54166,0
54167,1
54168,12
54169,0
54170,13
54171,1
54172,0
54173,23
54174,16
54175,4
54176,1
54177,12
54178,6
54179,19
54180,5
54181,2
54182,33
54183,23
54184,1
54185,0
54186,5
54187,5
54188,1
54189,10
54190,4
54191,1
54192,19
54193,42
54194,7
54195,20
54196,13
54197,39
54198,10
54199,2
54200,7
54201,13
54202,18
54203,1
54204,16
54205,7
54206,6
54207,21
54208,0
54209,0
54210,5
54211,4
54212,0
54213,14
54214,28
54215,1
54216,2
54217,6
54218,45
54219,3
54220,1
54221,0
54222,8
54223,0
54224,14
54225,4
54226,4
54227,0
54228,0
54229,8
54230,0
54231,14
54232,0
54233,1
54234,14
54235,4
54236,4
54237,0
54238,10
54239,39
54240,2
54241,12
54242,4
54243,5
54244,1
54245,18
54246,2
54247,5
54248,3
54249,0
54250,0
54251,1
54252,5
54253,35
54254,0
54255,22
54256,37
54257,0
54258,6
54259,1
54260,0
54261,0
54262,16
54263,0
54264,0
54265,2
54266,4
54267,0
54268,0
54269,0
54270,4
54271,1
54272,9
54273,11
54274,0
54275,1
54276,1
54277,1
54278,2
54279,6
54280,0
54281,4
54282,0
54283,33
54284,9
54285,0
54286,15
54287,0
54288,8
54289,0
54290,2
54291,2
54292,13
54293,3
54294,30
54295,0
54296,8
54297,23
54298,4
54299,1
54300,0
54301,0
54302,0
54303,4
54304,8
54305,9
54306,10
54307,19
54308,0
54309,2
54310,0
54311,0
54312,40
54313,0
54314,0
54315,11
54316,0
54317,14
54318,7
54319,35
54320,3
54321,2
54322,10
54323,3
54324,0
54325,16
54326,5
54327,0
54328,5
54329,8
54330,6
54331,0
54332,2
54333,2
54334,0
54335,3
54336,0
54337,14
54338,23
54339,0
54340,0
54341,3
54342,0
54343,0
54344,3
54345,2
54346,4
54347,12
54348,2
54349,4
54350,6
54351,0
54352,14
54353,2
54354,6
54355,0
54356,8
54357,0
54358,0
54359,0
54360,2
54361,0
54362,1
54363,11
54364,0
54365,0
54366,1
54367,0
54368,2
54369,0
54370,0
54371,2
54372,0
54373,0
54374,1
54375,7
54376,6
54377,0
54378,2
54379,0
54380,6
54381,15
54382,24
54383,16
54384,0
54385,15
54386,1
54387,0
54388,8
54389,16
54390,0
54391,0
54392,0
54393,1
54394,1
54395,0
54396,17
54397,0
54398,1
54399,0
54400,2
54401,2
54402,0
54403,0
54404,6
54405,8
54406,3
54407,0
54408,0
54409,3
54410,0
54411,3
54412,0
54413,0
54414,5
54415,1
54416,2
54417,4
54418,0
54419,1
54420,0
54421,0
54422,2
54423,11
54424,7
54425,6
54426,0
54427,26
54428,5
54429,0
54430,24
54431,1
54432,0
54433,0
54434,0
54435,0
54436,7
54437,4
54438,0
54439,0
54440,9
54441,8
54442,0
54443,0
54444,0
54445,0
54446,0
54447,0
54448,0
54449,4
54450,0
54451,2
54452,0
54453,3
54454,0
54455,4
54456,4
54457,3
54458,0
54459,0
54460,5
54461,6
54462,3
54463,0
54464,0
54465,0
54466,4
54467,0
54468,4
54469,2
54470,0
54471,0
54472,4
54473,6
54474,5
54475,0
54476,0
54477,1
54478,5
54479,0
54480,10
54481,0
54482,0
54483,0
54484,14
54485,3
54486,3
54487,0
54488,2
54489,10
54490,0
54491,4
54492,3
54493,0
54494,3
54495,0
54496,6
54497,6
54498,1
54499,6
54500,2
54501,8
54502,0
54503,17
54504,0
54505,0
54506,0
54507,13
54508,1
54509,0
54510,1
54511,2
54512,1
54513,4
54514,2
54515,0
54516,0
54517,0
54518,0
54519,0
54520,0
54521,0
54522,0
54523,0
54524,0
54525,2
54526,7
54527,1
54528,1
54529,5
54530,0
54531,5
54532,4
54533,1
54534,2
54535,0
54536,2
54537,2
54538,1
54539,1
54540,1
54541,4
54542,0
54543,8
54544,0
54545,0
54546,0
54547,7
54548,0
54549,0
54550,0
54551,8
54552,0
54553,6
54554,1
54555,0
54556,0
54557,0
54558,20
54559,1
54560,0
54561,1
54562,4
54563,0
54564,1
54565,18
54566,0
54567,0
54568,0
54569,1
54570,1
54571,1
54572,1
54573,0
54574,1
54575,0
54576,0
54577,0
54578,0
54579,0
54580,0
54581,0
54582,0
54583,2
54584,6
54585,4
54586,0
54587,1
54588,0
54589,1
54590,0
54591,1
54592,0
54593,46
54594,7
54595,2
54596,4
54597,4
54598,6
54599,0
54600,0
54601,1
54602,4
54603,6
54604,0
54605,0
54606,2
54607,0
54608,0
54609,0
54610,44
54611,0
54612,2
54613,0
54614,0
54615,12
54616,4
54617,1
54618,2
54619,6
54620,0
54621,0
54622,4
54623,0
54624,0
54625,0
54626,1
54627,0
54628,1
54629,20
54630,0
54631,0
54632,15
54633,2
54634,2
54635,0
54636,0
54637,0
54638,0
54639,4
54640,1
54641,24
54642,0
54643,0
54644,0
54645,8
54646,22
54647,0
54648,4
54649,0
54650,0
54651,1
54652,0
54653,2
54654,0
54655,0
54656,0
54657,4
54658,0
54659,0
54660,7
54661,8
54662,3
54663,1
54664,12
54665,0
54666,1
54667,3
54668,3
54669,21
54670,5
54671,0
54672,2
54673,0
54674,0
54675,14
54676,25
54677,0
54678,11
54679,3
54680,3
54681,0
54682,0
54683,3
54684,1
54685,0
54686,6
54687,0
54688,2
54689,0
54690,2
54691,24
54692,0
54693,0
54694,0
54695,0
54696,0
54697,0
54698,3
54699,3
54700,1
54701,0
54702,0
54703,19
54704,0
54705,4
54706,8
54707,0
54708,3
54709,9
54710,15
54711,2
54712,7
54713,5
54714,1
54715,5
54716,1
54717,0
54718,0
54719,12
54720,2
54721,0
54722,3
54723,0
54724,4
54725,1
54726,0
54727,3
54728,1
54729,11
54730,2
54731,0
54732,0
54733,63
54734,1
54735,0
54736,1
54737,0
54738,11
54739,6
54740,4
54741,6
54742,5
54743,2
54744,1
54745,6
54746,0
54747,3
54748,0
54749,0
54750,3
54751,38
54752,4
54753,8
54754,9
54755,0
54756,5
54757,5
54758,5
54759,0
54760,7
54761,0
54762,3
54763,66
54764,17
54765,7
54766,0
54767,0
54768,14
54769,2
54770,0
54771,0
54772,0
54773,0
54774,2
54775,13
54776,1
54777,1
54778,16
54779,0
54780,4
54781,0
54782,0
54783,1
54784,3
54785,0
54786,0
54787,6
54788,6
54789,8
54790,5
54791,0
54792,1
54793,0
54794,0
54795,8
54796,0
54797,0
54798,0
54799,0
54800,1
54801,0
54802,1
54803,0
54804,1
54805,4
54806,0
54807,0
54808,0
54809,0
54810,0
54811,4
54812,5
54813,2
54814,6
54815,0
54816,3
54817,0
54818,0
54819,2
54820,2
54821,2
54822,0
54823,6
54824,0
54825,0
54826,4
54827,0
54828,0
54829,0
54830,0
54831,1
54832,0
54833,12
54834,3
54835,0
54836,0
54837,2
54838,0
54839,0
54840,0
54841,0
54842,7
54843,0
54844,0
54845,2
54846,2
54847,3
54848,0
54849,0
54850,0
54851,0
54852,2
54853,0
54854,0
54855,0
54856,0
54857,0
54858,0
54859,4
54860,1
54861,0
54862,0
54863,2
54864,0
54865,0
54866,1
54867,2
54868,1
54869,11
54870,0
54871,1
54872,6
54873,0
54874,0
54875,0
54876,1
54877,12
54878,0
54879,0
54880,2
54881,0
54882,0
54883,0
54884,2
54885,0
54886,0
54887,8
54888,48
54889,0
54890,1
54891,1
54892,1
54893,0
54894,1
54895,0
54896,3
54897,0
54898,0
54899,1
54900,1
54901,0
54902,4
54903,6
54904,0
54905,0
54906,1
54907,0
54908,0
54909,2
54910,0
54911,0
54912,0
54913,7
54914,5
54915,6
54916,3
54917,0
54918,0
54919,6
54920,0
54921,0
54922,0
54923,0
54924,14
54925,0
54926,2
54927,2
54928,3
54929,0
54930,0
54931,0
54932,0
54933,0
54934,0
54935,0
54936,1
54937,2
54938,13
54939,0
54940,0
54941,0
54942,0
54943,2
54944,0
54945,7
54946,4
54947,11
54948,0
54949,0
54950,0
54951,11
54952,0
54953,0
54954,1
54955,0
54956,0
54957,0
54958,0
54959,0
54960,3
54961,0
54962,0
54963,0
54964,0
54965,0
54966,0
54967,0
54968,0
54969,2
54970,0
54971,3
54972,0
54973,0
54974,2
54975,2
54976,0
54977,2
54978,0
54979,0
54980,0
54981,0
54982,2
54983,0
54984,0
54985,0
54986,0
54987,0
54988,0
54989,5
54990,0
54991,10
54992,0
54993,0
54994,0
54995,0
54996,0
54997,0
54998,6
54999,0
55000,0
